Date,XLB,XLC,XLE,XLF,XLI,XLK,XLP,XLRE,XLU,XLV,XLY
2025-01-02,40.792598724365234,96.11066436767578,41.92946243286133,47.54821014404297,129.5201873779297,115.26693725585938,76.28622436523438,38.94866943359375,37.0759391784668,135.23141479492188,109.75043487548828
2025-01-03,40.782798767089844,96.7034683227539,42.321372985839844,47.922996520996094,130.92092895507812,117.14523315429688,76.24728393554688,39.4803581237793,37.46969223022461,136.55809020996094,111.97122955322266
2025-01-06,41.05732727050781,97.75071716308594,42.127838134765625,47.77505111694336,130.63485717773438,118.63595581054688,75.4490966796875,38.939002990722656,37.0516357421875,136.61705017089844,112.41242218017578
2025-01-07,41.03281784057617,96.66394805908203,42.54877471923828,47.666561126708984,130.5066375732422,116.25578308105469,75.18626403808594,38.648990631103516,36.95927047729492,137.2951202392578,110.23624420166016
2025-01-08,41.25832748413086,96.0909194946289,42.59231948852539,47.82436752319336,131.0195770263672,116.21603393554688,75.32254028320312,38.813331604003906,36.94955062866211,138.00267028808594,110.54853820800781
2025-01-10,40.83672332763672,94.65834045410156,42.766502380371094,46.67042541503906,129.54977416992188,113.68182373046875,74.31018829345703,37.8756217956543,36.74052429199219,137.226318359375,109.46292877197266
2025-01-13,41.74856185913086,94.69786071777344,43.666446685791016,47.00575637817383,131.0688934326172,112.8768310546875,74.43673706054688,38.358978271484375,36.312740325927734,139.01486206054688,110.08257293701172
2025-01-14,42.268211364746094,94.38170623779297,44.135765075683594,47.58766174316406,132.6175994873047,113.17497253417969,74.45620727539062,38.687660217285156,36.789127349853516,137.58010864257812,109.86941528320312
2025-01-15,42.67020797729492,95.93283081054688,44.78894805908203,48.80077362060547,133.45608520507812,115.42594146728516,74.203125,38.85199737548828,37.32872009277344,138.14027404785156,112.66522979736328
2025-01-16,43.02317428588867,95.38945007324219,45.11311721801758,49.12624740600586,135.0738525390625,114.53649139404297,74.75797271728516,39.7220344543457,38.271785736083984,138.69056701660156,112.05551147460938
2025-01-17,43.3026123046875,96.21934509277344,45.461483001708984,49.54047775268555,135.8827362060547,116.33030700683594,75.18626403808594,39.71237564086914,38.32524871826172,137.75698852539062,113.62691497802734
2025-01-21,43.8565788269043,97.0887680053711,45.229244232177734,49.954715728759766,138.6743621826172,117.29927825927734,75.53669738769531,40.43740463256836,38.9134521484375,140.03689575195312,114.4596939086914
2025-01-22,43.503604888916016,98.05699157714844,44.406715393066406,49.71800994873047,138.34884643554688,119.94778442382812,75.16680145263672,39.7317008972168,38.072471618652344,139.722412109375,114.0284423828125
2025-01-23,43.74382019042969,98.31387329101562,44.609928131103516,50.0040283203125,139.7495880126953,120.16145324707031,75.4393539428711,40.050716400146484,38.25233840942383,141.58958435058594,114.71746826171875
2025-01-24,43.63106918334961,99.20305633544922,44.1793098449707,50.1519660949707,139.15774536132812,118.90925598144531,75.82872009277344,40.16672134399414,38.6412239074707,141.81561279296875,114.01850891113281
2025-01-27,43.65557861328125,99.71680450439453,43.71966552734375,50.70427703857422,137.29335021972656,113.08056640625,77.88262176513672,40.56307601928711,37.74677658081055,144.99960327148438,114.66790771484375
2025-01-28,43.5134162902832,100.2009048461914,43.303565979003906,50.615516662597656,136.38583374023438,116.09677124023438,76.66585540771484,40.07004928588867,37.22663497924805,143.98739624023438,114.80670166015625
2025-01-29,43.434974670410156,100.64550018310547,43.40032958984375,50.57606506347656,135.92218017578125,115.15266418457031,76.85079193115234,39.60602951049805,37.304412841796875,143.1422882080078,114.47953033447266
2025-01-30,43.84677505493164,100.74430084228516,43.62289810180664,51.0593376159668,137.44131469726562,115.36631774902344,77.61006927490234,40.1280517578125,38.08219528198242,144.79324340820312,115.59983825683594
2025-01-31,43.52812576293945,101.14936828613281,42.40362548828125,50.763458251953125,136.47462463378906,114.69053649902344,76.88001251220703,40.041046142578125,37.85858154296875,144.33135986328125,115.0892562866211
2025-02-03,43.572242736816406,101.36672973632812,42.66973876953125,50.556339263916016,135.12318420410156,113.14515686035156,77.1817626953125,39.9733772277832,38.0627555847168,144.89149475097656,113.56742095947266
2025-02-04,43.69969940185547,102.27566528320312,43.56483459472656,50.437984466552734,135.1626434326172,114.77500915527344,76.52958679199219,39.9733772277832,37.727333068847656,144.49842834472656,114.90583801269531
2025-02-05,43.66538619995117,101.28768157958984,43.65677261352539,50.970577239990234,135.2612762451172,116.37007904052734,77.00653839111328,40.601741790771484,38.10649871826172,145.88404846191406,113.60212707519531
2025-02-06,43.81735610961914,101.72239685058594,42.85359573364258,51.394676208496094,135.8728790283203,116.6880874633789,77.35697937011719,40.717742919921875,38.0627555847168,144.5770263671875,114.05322265625
2025-02-07,43.28300476074219,101.50503540039062,42.8487548828125,51.1086540222168,135.46844482421875,115.68931579589844,77.24016571044922,40.57273864746094,37.98497009277344,143.89895629882812,111.82252502441406
2025-02-10,43.503604888916016,101.95951080322266,43.792240142822266,50.70427703857422,136.68177795410156,117.37879180908203,77.7171401977539,40.630741119384766,38.39816665649414,143.7711944580078,112.20421600341797
2025-02-11,43.7585334777832,102.12747955322266,44.145442962646484,50.83250045776367,136.73109436035156,117.4334487915039,78.46666717529297,40.853084564208984,38.59261703491211,143.505859375,110.93023681640625
2025-02-12,43.44478225708008,102.23615264892578,43.080997467041016,50.65496826171875,135.8827362060547,117.18002319335938,78.40826416015625,40.50507354736328,38.524559020996094,143.2995147705078,110.91041564941406
2025-02-13,44.199745178222656,103.4118423461914,43.40516662597656,50.99030303955078,136.02084350585938,118.83969116210938,79.255126953125,40.82408142089844,38.612060546875,143.85964965820312,112.57600402832031
2025-02-14,44.04777145385742,104.04415130615234,43.579349517822266,51.08892822265625,135.68545532226562,119.24217987060547,78.46666717529297,40.65974807739258,38.45164108276367,142.29713439941406,112.52642822265625
2025-02-18,44.60663986206055,103.5600357055664,44.17447280883789,51.4538459777832,136.75082397460938,120.33039093017578,78.74895477294922,40.80474853515625,38.81136703491211,142.02198791503906,112.21412658691406
2025-02-19,44.08208465576172,103.67859649658203,44.52283477783203,51.473575592041016,136.88893127441406,120.34033203125,79.38167572021484,40.88208770751953,39.01553726196289,143.86947631835938,112.14969635009766
2025-02-20,43.9791374206543,103.1944808959961,44.929264068603516,50.68455123901367,135.9912567138672,119.95771789550781,79.07017517089844,41.16243362426758,39.010677337646484,144.67530822753906,111.18304443359375
2025-02-21,43.17515182495117,101.78167724609375,43.995452880859375,50.05333709716797,133.01217651367188,116.70795440673828,79.99491882324219,40.82408142089844,39.0203971862793,143.89895629882812,108.25836181640625
2025-02-24,43.12612533569336,101.9792709350586,44.005126953125,50.27032470703125,132.41046142578125,115.03836059570312,80.23826599121094,41.00776290893555,38.82595443725586,145.06837463378906,107.85187530517578
2025-02-25,43.45948791503906,100.4676742553711,43.371299743652344,50.26045608520508,133.09109497070312,113.54765319824219,81.37716674804688,41.44277572631836,38.631500244140625,146.3164520263672,107.28675842285156
2025-02-26,43.439876556396484,100.28983306884766,43.124542236328125,50.1519660949707,133.17001342773438,114.78494262695312,79.81970977783203,41.239768981933594,38.79192352294922,145.2649383544922,106.8455810546875
2025-02-27,43.14573669433594,99.32160949707031,43.35678482055664,50.42812728881836,132.7063751220703,110.6059799194336,79.80997467041016,41.423439025878906,37.93149948120117,144.67530822753906,105.30391693115234
2025-02-28,43.5134162902832,100.77393341064453,44.02932357788086,51.46371078491211,134.48199462890625,112.0668716430664,80.87098693847656,41.71345520019531,38.509971618652344,146.3557586669922,107.05377960205078
2025-03-03,42.64079284667969,99.76620483398438,42.490718841552734,51.029754638671875,132.56829833984375,108.65811157226562,81.2992935180664,42.07114028930664,38.56344985961914,146.99452209472656,105.08084106445312
2025-03-04,42.062313079833984,98.97581481933594,42.07945251464844,49.23473358154297,129.9838104248047,108.57363891601562,79.91704559326172,41.58778762817383,37.936363220214844,145.6285400390625,103.22689056396484
2025-03-05,43.16044616699219,100.25031280517578,41.4649772644043,49.520751953125,132.03561401367188,110.09912872314453,80.24800872802734,41.97446823120117,37.66899490356445,147.0927734375,104.79829406738281
2025-03-06,42.9349365234375,98.45218658447266,41.59077453613281,48.7021484375,130.90121459960938,107.04316711425781,80.39400482177734,40.82408142089844,36.8863525390625,146.68988037109375,102.14128875732422
2025-03-07,43.052589416503906,99.08448791503906,42.3020133972168,48.445716857910156,132.43019104003906,108.593505859375,80.6568374633789,41.056095123291016,37.57177734375,146.69970703125,101.9529037475586
2025-03-10,42.155460357666016,96.61454010009766,42.61650848388672,47.360816955566406,130.358642578125,103.97726440429688,80.48162078857422,40.65974807739258,37.98497009277344,145.11752319335938,98.31439208984375
2025-03-11,41.83190155029297,95.19184875488281,42.2778205871582,46.95644760131836,128.35617065429688,103.55490112304688,79.30380249023438,40.23439025878906,37.63011169433594,143.5353546142578,97.35271453857422
2025-03-12,41.63580322265625,95.66608428955078,42.47135925292969,47.025482177734375,128.34629821777344,105.18473815917969,77.58085632324219,40.089385986328125,37.5134391784668,142.10060119628906,97.9178237915039
2025-03-13,41.60639190673828,93.69999694824219,42.18105697631836,46.76905059814453,127.03431701660156,103.18719482421875,77.220703125,39.30635070800781,37.605804443359375,141.34390258789062,95.4739761352539
2025-03-14,42.15055465698242,95.41908264160156,43.42936325073242,47.85395050048828,129.3524932861328,106.30775451660156,77.39591217041016,40.07004928588867,38.33983612060547,142.42486572265625,97.50637817382812
2025-03-17,42.68000793457031,96.10079193115234,44.12125015258789,48.4161262512207,131.13795471191406,107.04814147949219,78.52506256103516,40.77574920654297,38.5002555847168,144.2330780029297,97.66004943847656
2025-03-18,42.606475830078125,94.75714874267578,44.193824768066406,48.35695266723633,130.09230041503906,105.41829681396484,77.62953186035156,40.5244026184082,38.23289489746094,144.30186462402344,95.92010498046875
2025-03-19,42.74864196777344,95.8834457397461,44.91474914550781,48.8895378112793,131.81858825683594,106.78974914550781,77.62953186035156,40.57273864746094,38.37386703491211,144.3804931640625,97.75919342041016
2025-03-20,42.4790153503418,95.67595672607422,45.07925033569336,48.958580017089844,131.15769958496094,106.02947998046875,77.2499008178711,40.5244026184082,38.529422760009766,144.4689178466797,97.52621459960938
2025-03-21,42.05740737915039,96.42682647705078,44.76475143432617,48.78104782104492,130.45729064941406,106.31768798828125,77.220703125,40.1280517578125,38.28150177001953,144.06602478027344,97.87816619873047
2025-03-24,42.6273193359375,97.79229736328125,45.27479934692383,49.6412353515625,132.87655639648438,108.33120727539062,77.6982421875,40.68649673461914,38.26926040649414,145.16598510742188,101.54756927490234
2025-03-25,42.61746597290039,99.03092193603516,45.4600944519043,49.91839599609375,133.07444763183594,108.68960571289062,76.99366760253906,40.200050354003906,37.65730667114258,143.31134033203125,102.35780334472656
2025-03-26,42.6962776184082,98.18865966796875,45.72827911376953,49.76991653442383,132.19381713867188,106.26541900634766,78.1875228881836,40.404354095458984,37.906986236572266,142.7884979248047,101.02066802978516
2025-03-27,42.676578521728516,97.7526626586914,45.28455352783203,49.670928955078125,131.4912872314453,105.28479766845703,79.07801055908203,40.30706787109375,37.897193908691406,143.01539611816406,101.08529663085938
2025-03-28,41.89338684082031,94.86912536621094,45.070003509521484,48.71076965332031,128.78013610839844,102.73120880126953,78.68659210205078,40.2876091003418,38.17625045776367,142.5714569091797,97.94377136230469
2025-03-31,42.351478576660156,95.57266998291016,45.56736755371094,49.304683685302734,129.69044494628906,102.7809829711914,79.91958618164062,40.71567916870117,38.60216522216797,144.04135131835938,98.15254974365234
2025-04-01,42.50910186767578,95.63212585449219,45.83555221557617,49.24528884887695,130.4226531982422,103.53263092041016,80.03701782226562,40.744873046875,38.70008087158203,141.40736389160156,99.17652893066406
2025-04-02,42.858829498291016,95.96903228759766,45.89894104003906,49.65113067626953,131.6496124267578,104.29920196533203,79.80216217041016,40.939453125,38.88121795654297,142.3544158935547,101.06044006347656
2025-04-03,40.92301559448242,91.6883316040039,42.29548645019531,47.2061882019043,124.525390625,97.18099975585938,80.26207733154297,39.713600158691406,38.63644027709961,141.2001953125,94.95635223388672
2025-04-04,38.36163330078125,86.43653869628906,38.40434265136719,43.75159454345703,116.69864654541016,90.77958679199219,76.77838134765625,37.904014587402344,36.487247467041016,133.45603942871094,90.86044311523438
2025-04-07,37.745914459228516,86.55545043945312,38.155662536621094,43.64270782470703,116.1544418334961,91.3221664428711,75.88788604736328,36.98949432373047,35.929141998291016,132.65695190429688,89.78677368164062
2025-04-08,36.583438873291016,85.34654235839844,37.2730827331543,43.474430084228516,115.19464111328125,89.4654541015625,74.71360778808594,36.074974060058594,35.78227233886719,131.18704223632812,87.65431213378906
2025-04-09,39.780242919921875,92.88732147216797,40.15974807739258,46.7508544921875,125.42581939697266,101.47681427001953,77.61016082763672,38.14723587036133,37.192222595214844,136.8891143798828,97.19815826416016
2025-04-10,38.509403228759766,89.67678833007812,37.53639602661133,45.44424819946289,122.19023895263672,96.7529067993164,77.64930725097656,37.33973693847656,36.91316604614258,133.0712890625,93.40050506591797
2025-04-11,39.65217208862305,90.43978881835938,38.46772766113281,46.196537017822266,124.34728240966797,98.73406219482422,78.62787628173828,37.86509704589844,37.36357116699219,135.02459716796875,94.30519104003906
2025-04-14,40.12997055053711,91.04423522949219,38.60426330566406,46.67166519165039,125.64350128173828,99.63504028320312,79.96851348876953,38.70178985595703,38.034271240234375,136.6720733642578,94.57856750488281
2025-04-15,39.81472396850586,91.27214813232422,38.545753479003906,46.79045104980469,125.02012634277344,99.9984130859375,79.29329681396484,38.76016616821289,38.02937698364258,135.83352661132812,93.89757537841797
2025-04-16,39.50440216064453,88.81470489501953,38.86269760131836,46.057952880859375,123.30834197998047,96.52393341064453,78.44194793701172,38.74070739746094,37.68667984008789,134.45240783691406,91.58121490478516
2025-04-17,39.77531814575195,89.3894271850586,39.74039840698242,46.17673873901367,123.98118591308594,96.00126647949219,80.11529541015625,39.35363006591797,38.07343292236328,133.6632080078125,92.1578140258789
2025-04-21,39.16945266723633,87.37789916992188,38.701786041259766,45.1868896484375,121.20075225830078,93.5223388671875,79.35201263427734,38.53639602661133,37.172637939453125,130.7825927734375,89.6972885131836
2025-04-22,40.08563995361328,89.65697479248047,39.686763763427734,46.68156433105469,123.3182373046875,95.80216217041016,80.47737121582031,39.324440002441406,38.18603515625,133.23899841308594,92.53559875488281
2025-04-23,40.1348991394043,91.09378051757812,39.61362075805664,47.23588562011719,124.86181640625,98.57974243164062,80.01744079589844,39.37308883666992,38.34759521484375,133.8999786376953,94.60343170166016
2025-04-24,41.001827239990234,92.91703796386719,40.24751663208008,47.7605094909668,127.66203308105469,102.25831604003906,79.31288146972656,39.48983383178711,38.406341552734375,135.53758239746094,96.48734283447266
2025-04-25,40.69643020629883,93.50167846679688,40.17437744140625,47.532840728759766,127.65213012695312,103.77156066894531,79.10737609863281,39.431461334228516,38.28884506225586,136.18869018554688,98.2221450805664
2025-04-28,40.77031707763672,93.85841369628906,40.457191467285156,47.68131637573242,128.07760620117188,103.60232543945312,78.84315490722656,39.674686431884766,38.52383804321289,136.7312774658203,98.2569351196289
2025-04-29,41.11018753051758,94.5421371459961,40.34016418457031,48.176246643066406,128.9087677001953,104.08516693115234,79.49879455566406,39.9957389831543,38.822471618652344,137.402099609375,98.95284271240234
2025-04-30,41.321998596191406,94.57185363769531,39.25278854370117,48.26533126831055,129.83888244628906,104.51823425292969,80.07615661621094,40.18059158325195,38.62664794921875,138.57606506347656,98.05313110351562
2025-05-01,41.13974380493164,95.05740356445312,39.399070739746094,48.255435943603516,130.81845092773438,106.05138397216797,79.38137817382812,40.29733657836914,38.73924255371094,134.79769897460938,98.5949478149414
2025-05-02,41.83427429199219,96.53385162353516,39.97445297241211,49.25518798828125,133.16351318359375,107.82347106933594,79.81194305419922,40.793514251708984,39.04277801513672,136.66221618652344,100.12593078613281
2025-05-05,41.523956298828125,96.76175689697266,39.25278854370117,48.93843460083008,133.23275756835938,107.25102996826172,79.74344635009766,40.744873046875,38.94485855102539,136.2774658203125,99.06219482421875
2025-05-06,41.22348403930664,96.74192810058594,39.26253890991211,48.66127395629883,132.065185546875,106.3600082397461,79.6064453125,40.462730407714844,39.419734954833984,132.51885986328125,98.19728088378906
2025-05-07,40.99690246582031,96.56356811523438,39.27716827392578,48.948333740234375,132.73802185058594,107.42524719238281,79.73365783691406,40.43354797363281,39.53234100341797,133.5349578857422,98.96278381347656
2025-05-08,41.54365921020508,96.79147338867188,39.79404067993164,49.35417175292969,134.5685577392578,108.4506607055664,79.63578796386719,40.23896789550781,39.21411895751953,132.33140563964844,100.13090515136719
2025-05-09,41.65201950073242,96.29603576660156,40.193878173828125,49.35417175292969,134.6774139404297,108.31626892089844,79.1758804321289,40.4821891784668,39.282657623291016,130.8910675048828,100.61308288574219
2025-05-12,42.61746597290039,98.29765319824219,41.24224853515625,50.35392761230469,138.8233184814453,113.34381103515625,79.29329681396484,40.5211067199707,39.047672271728516,134.1268768310547,105.61365509033203
2025-05-13,42.40565490722656,99.25882720947266,41.82250213623047,50.561798095703125,139.79298400878906,115.79287719726562,78.22666931152344,39.97628402709961,38.99382019042969,130.0919952392578,107.01043701171875
2025-05-14,42.01652908325195,99.77410888671875,41.568946838378906,50.4232177734375,139.12013244628906,116.54452514648438,77.80587768554688,39.635772705078125,38.822471618652344,127.0338134765625,107.42301177978516
2025-05-15,42.445068359375,100.17046356201172,41.74448776245117,50.759769439697266,140.66372680664062,116.70380401611328,79.40094757080078,40.36544418334961,39.64983367919922,128.70103454589844,107.18441009521484
2025-05-16,42.87853240966797,100.85418701171875,41.68109893798828,51.066627502441406,142.2666778564453,116.92283630371094,80.3110122680664,40.871341705322266,40.23241424560547,131.29556274414062,108.19844818115234
2025-05-19,42.98689651489258,100.9532699584961,41.13985061645508,51.096317291259766,142.7515106201172,116.75358581542969,80.54586791992188,40.95890808105469,40.40376281738281,132.5583038330078,107.94493865966797
2025-05-20,42.91301345825195,100.70555114746094,40.7595100402832,50.81916046142578,142.23699951171875,116.31553649902344,80.82965850830078,40.744873046875,40.52125930786133,132.8838348388672,107.38323974609375
2025-05-21,42.34162521362305,99.95246887207031,40.00859069824219,49.77981185913086,139.8325653076172,114.13030242919922,79.89022827148438,39.66495895385742,39.78201675415039,129.80592346191406,105.20604705810547
2025-05-22,42.29729461669922,99.7344741821289,39.85255432128906,49.72041702270508,139.80287170410156,114.16017150878906,79.5575180053711,39.528751373291016,39.21411895751953,128.78981018066406,105.65838623046875
2025-05-23,42.213558197021484,99.27865600585938,39.97932815551758,49.5422477722168,139.3477325439453,112.90078735351562,79.85108947753906,39.53847885131836,39.684104919433594,128.58262634277344,104.70896911621094
2025-05-27,42.952415466308594,100.8938217163086,40.32553482055664,50.4133186340332,141.80162048339844,115.58380889892578,80.5752182006836,40.1903190612793,39.98273849487305,130.3780975341797,107.80078887939453
2025-05-28,42.36625671386719,100.87400817871094,39.813541412353516,50.0767707824707,141.09910583496094,115.10594940185547,80.0272216796875,40.1903190612793,39.42463302612305,129.70726013183594,106.81160736083984
2025-05-29,42.52388381958008,100.06147003173828,40.11098861694336,50.334129333496094,141.22772216796875,115.30007934570312,80.35015869140625,40.56001663208008,39.698787689208984,130.57540893554688,106.85633850097656
2025-05-30,42.52880096435547,100.47764587402344,39.75502395629883,50.443016052246094,141.31678771972656,114.94168090820312,81.05472564697266,40.598934173583984,40.10512924194336,130.85162353515625,106.27476501464844
2025-06-02,42.7800178527832,100.97309875488281,40.27677536010742,50.46281051635742,141.138671875,115.95714569091797,81.10365295410156,40.657310485839844,40.23241424560547,130.93055725097656,106.52330780029297
2025-06-03,43.218406677246094,100.68573760986328,40.754638671875,50.561798095703125,142.22711181640625,117.69935607910156,81.0253677368164,40.51137924194336,40.34012222290039,131.23635864257812,107.08997344970703
2025-06-04,43.38095474243164,101.32982635498047,39.95982360839844,50.274742126464844,142.30625915527344,117.87358856201172,80.45779418945312,40.63785171508789,39.63514709472656,131.4928436279297,106.80663299560547
2025-06-05,43.12481689453125,101.46855163574219,39.92081832885742,50.136165618896484,142.2073211669922,117.54007720947266,79.68472290039062,40.62812042236328,39.57150650024414,131.31527709960938,104.11248016357422
2025-06-06,43.23810958862305,102.76663208007812,40.67173767089844,50.759769439697266,143.40457153320312,118.65011596679688,79.93916320800781,40.744873046875,39.74774932861328,132.56817626953125,105.46453094482422
2025-06-09,43.52873229980469,102.46936798095703,40.749759674072266,50.482608795166016,143.2759552001953,119.23251342773438,79.83151245117188,40.72541427612305,39.4931755065918,132.34127807617188,106.30955505371094
2025-06-10,43.79964065551758,103.76744079589844,41.47629928588867,50.54199981689453,142.65257263183594,119.8995361328125,80.00765991210938,41.08538055419922,39.5861930847168,133.85061645507812,107.58206939697266
2025-06-11,43.366180419921875,103.52962493896484,42.07606506347656,50.482608795166016,142.72183227539062,119.63571166992188,79.73365783691406,40.86161804199219,39.61066818237305,133.91969299316406,106.73207092285156
2025-06-12,43.548431396484375,102.68736267089844,42.222347259521484,50.482608795166016,142.3458251953125,120.74576568603516,80.203369140625,41.08538055419922,40.0904426574707,134.96539306640625,106.23002624511719
2025-06-13,43.041080474853516,101.64691162109375,42.958641052246094,49.45315933227539,141.14857482910156,119.05331420898438,79.22480010986328,40.754600524902344,39.860347747802734,134.29457092285156,105.25078582763672
2025-06-16,43.40558624267578,103.39089965820312,42.83185958862305,50.01737594604492,142.11825561523438,120.97970581054688,79.4792251586914,40.793514251708984,39.664520263671875,133.88023376464844,106.38411712646484
2025-06-17,42.98197555541992,102.4792709350586,43.23170471191406,49.73031997680664,141.04962158203125,120.12353515625,78.80401611328125,40.62812042236328,39.33651351928711,131.67044067382812,104.54991912841797
2025-06-18,42.858829498291016,102.52881622314453,42.94888687133789,49.71052169799805,140.7132110595703,120.26789093017578,78.70616149902344,40.705955505371094,39.4393196105957,131.44354248046875,104.59961700439453
2025-06-20,42.568206787109375,101.90454864501953,43.38774108886719,49.84910202026367,140.8715057373047,119.73526763916016,79.28350830078125,40.69622802734375,39.547027587890625,130.81216430664062,104.72388458251953
2025-06-23,43.04249954223633,103.19485473632812,42.29053497314453,50.476837158203125,142.77906799316406,121.10044860839844,80.20179748535156,41.2901496887207,40.04836654663086,131.00050354003906,106.79959869384766
2025-06-24,43.39896011352539,104.52589416503906,41.73997116088867,51.23170471191406,143.97006225585938,123.27435302734375,80.13282775878906,41.486488342285156,40.22090530395508,132.6062774658203,107.39237976074219
2025-06-25,42.98308563232422,104.50602722167969,41.558082580566406,51.06285095214844,142.69967651367188,124.32640075683594,79.05886840820312,40.475341796875,39.68357849121094,132.72523498535156,106.12712860107422
2025-06-26,43.45836639404297,105.71786499023438,42.15289306640625,51.440284729003906,144.24795532226562,125.18399810791016,78.98989868164062,40.2201042175293,40.01386260986328,133.0424346923828,107.10346221923828
2025-06-27,43.51282501220703,106.9594955444336,41.93168258666992,51.589271545410156,145.6870574951172,125.03441619873047,79.36431121826172,40.36735534667969,40.09273910522461,132.75497436523438,108.88677978515625
2025-06-30,43.47321701049805,107.8038101196289,41.6908073425293,52.01636505126953,146.4115753173828,126.26097106933594,79.77812194824219,40.661865234375,40.25541687011719,133.607421875,108.2591323852539
2025-07-01,44.5970573425293,107.0389633178711,42.01033401489258,52.304412841796875,146.89788818359375,125.1341323852539,80.77325439453125,40.93674087524414,40.3934440612793,135.51058959960938,108.72239685058594
2025-07-02,45.265419006347656,106.73103332519531,42.73295974731445,52.264678955078125,147.04676818847656,126.45542907714844,81.00972747802734,41.01527404785156,40.04344177246094,134.17242431640625,109.59412384033203
2025-07-03,45.2357177734375,107.31708526611328,42.7821159362793,52.83082962036133,148.2972869873047,128.12075805664062,80.9703140258789,41.034912109375,40.34414291381836,134.31118774414062,110.19188690185547
2025-07-07,44.80004119873047,106.28404235839844,42.36919021606445,52.32427215576172,147.7812042236328,127.1036148071289,80.9013442993164,40.720767974853516,40.42795181274414,133.1811981201172,108.7921371459961
2025-07-08,45.166404724121094,106.06551361083984,43.50965118408203,51.857444763183594,147.74151611328125,127.78670501708984,80.15253448486328,40.661865234375,39.99907302856445,133.78585815429688,108.42351531982422
2025-07-09,45.438697814941406,106.34364318847656,43.28843688964844,52.046165466308594,148.773681640625,128.55453491210938,79.63033294677734,40.642234802246094,40.37372589111328,134.30128479003906,109.06610107421875
2025-07-10,45.6812858581543,105.98605346679688,43.6177978515625,52.35407257080078,149.60739135742188,128.1307373046875,79.91606140136719,40.848388671875,40.704010009765625,135.12400817871094,110.2715835571289
2025-07-11,45.30997848510742,105.30067443847656,43.814430236816406,51.80778503417969,149.07144165039062,127.56731414794922,79.62047576904297,40.809120178222656,40.64485549926758,134.00390625,110.30147552490234
2025-07-14,45.0574836730957,106.33370971679688,43.33268737792969,52.195152282714844,149.87535095214844,127.46260070800781,79.68944549560547,41.08399200439453,40.807533264160156,133.84532165527344,110.7099380493164
2025-07-15,44.13167953491211,105.28079986572266,42.708377838134766,51.301231384277344,148.7538604736328,128.5944366455078,78.89137268066406,40.55388259887695,40.4180908203125,131.4366455078125,109.12588500976562
2025-07-16,44.25049591064453,105.5986557006836,42.339691162109375,51.65879821777344,149.2798614501953,128.99330139160156,79.16725158691406,40.99563980102539,40.437808990478516,133.07217407226562,109.32513427734375
2025-07-17,44.562400817871094,105.9661865234375,42.6002311706543,52.15542221069336,150.659423828125,130.16502380371094,79.91606140136719,40.95637512207031,40.60541915893555,131.5555877685547,109.69873809814453
2025-07-18,44.66636657714844,105.4794692993164,42.25612258911133,52.185218811035156,150.3219757080078,130.08026123046875,79.69930267333984,41.07417678833008,41.285709381103516,130.6833038330078,110.67009735107422
2025-07-21,44.894107818603516,106.88996124267578,41.81861877441406,52.036231994628906,149.52798461914062,130.2498016357422,79.68944549560547,41.23124694824219,41.41880798339844,129.93988037109375,111.19313049316406
2025-07-22,45.512962341308594,107.13829040527344,42.01525115966797,52.32427215576172,149.88528442382812,129.04318237304688,80.4185562133789,41.9478874206543,41.92656326293945,132.35848999023438,112.31890869140625
2025-07-23,45.66643524169922,107.7243423461914,42.67396545410156,52.74143600463867,152.5749053955078,129.78111267089844,80.4481201171875,42.06569290161133,41.61106872558594,135.07444763183594,112.85191345214844
2025-07-24,45.196109771728516,107.90313720703125,42.97874450683594,52.711639404296875,152.31686401367188,130.32957458496094,80.16238403320312,42.00679016113281,41.55683898925781,134.56890869140625,110.98391723632812
2025-07-25,45.730796813964844,106.89990234375,42.816524505615234,53.079139709472656,153.825439453125,130.62872314453125,80.30032348632812,42.00679016113281,41.665287017822266,135.2825927734375,112.01504516601562
2025-07-28,45.067386627197266,106.32378387451172,43.303184509277344,52.711639404296875,153.3490447998047,131.67079162597656,79.47268676757812,41.28033447265625,41.22162628173828,134.10304260253906,112.6676025390625
2025-07-29,44.894107818603516,105.4099349975586,43.72594451904297,52.44346618652344,151.60227966308594,131.67579650878906,79.99488830566406,41.96752166748047,41.69486999511719,133.25057983398438,111.89051818847656
2025-07-30,43.98810577392578,105.73772430419922,43.10164260864258,52.344139099121094,150.85791015625,131.969970703125,79.28549194335938,41.37850570678711,42.005435943603516,133.01268005371094,111.18317413330078
2025-07-31,43.433616638183594,106.6913070678711,42.87059783935547,52.01636505126953,150.86782836914062,131.002685546875,78.60564422607422,40.65205001831055,42.232200622558594,129.28567504882812,110.30147552490234
2025-08-01,42.93357849121094,105.4099349975586,42.074241638183594,51.052921295166016,148.61489868164062,128.1756134033203,78.98004913330078,40.534244537353516,42.29628372192383,129.97955322265625,107.64144134521484
2025-08-04,43.502925872802734,107.43629455566406,41.980838775634766,51.559471130371094,149.98451232910156,130.77830505371094,79.36431121826172,40.877838134765625,43.04558563232422,131.84303283691406,108.90670776367188
2025-08-05,43.80987548828125,106.6019058227539,42.034915924072266,51.35089111328125,149.67686462402344,129.69635009765625,79.28549194335938,41.01527404785156,42.58713150024414,131.3375244140625,109.04618835449219
2025-08-06,43.334598541259766,107.00917053222656,41.646568298339844,51.599205017089844,149.7959442138672,131.1572265625,80.4185562133789,40.67168045043945,42.207550048828125,129.36497497558594,111.31269073486328
2025-08-07,43.52273178100586,106.55223846435547,41.48434829711914,51.02311706542969,149.57762145996094,131.2769012451172,81.02942657470703,40.82875442504883,42.66600799560547,127.87813568115234,111.27781677246094
2025-08-08,43.740562438964844,106.90982818603516,41.74980163574219,51.4998779296875,149.6967010498047,132.58824157714844,81.26589965820312,40.49497985839844,42.48360824584961,129.01805114746094,111.47208404541016
2025-08-11,43.64154815673828,107.4561538696289,41.41552734375,51.48001480102539,149.21038818359375,131.69073486328125,81.19692993164062,40.259368896484375,42.35051345825195,129.1468963623047,111.76100158691406
2025-08-12,44.21089553833008,109.5123062133789,41.61707305908203,52.10575866699219,150.7586669921875,133.7300262451172,81.41368103027344,40.32809066772461,42.53290557861328,130.0390167236328,112.9465560913086
2025-08-13,45.042633056640625,110.36654663085938,42.098819732666016,52.40373229980469,151.3343048095703,133.77989196777344,81.41368103027344,40.593143463134766,42.62657165527344,132.12057495117188,114.4957504272461
2025-08-14,44.572303771972656,110.45594024658203,42.05949401855469,52.65204620361328,149.9944610595703,133.49070739746094,80.68457794189453,40.30845642089844,42.33079528808594,132.7847137451172,114.3662338256836
2025-08-15,44.572303771972656,110.73406982421875,42.05949401855469,52.10575866699219,149.30963134765625,132.47854614257812,80.81266784667969,40.573516845703125,42.207550048828125,135.0149688720703,114.0922622680664
2025-08-18,44.31486129760742,110.05862426757812,41.80879211425781,52.14549255371094,149.89520263671875,132.7627410888672,80.70429229736328,40.190650939941406,42.02515411376953,134.69776916503906,114.55055236816406
2025-08-19,44.58220672607422,109.4427719116211,41.82353591918945,52.24481201171875,150.22271728515625,130.44424438476562,81.53192138671875,40.90728759765625,42.4343147277832,135.5601348876953,114.4957504272461
2025-08-20,44.616859436035156,109.11497497558594,42.17255783081055,52.51299285888672,150.0837860107422,129.5617218017578,81.99500274658203,41.064361572265625,42.47867965698242,136.2936553955078,113.364990234375
2025-08-21,44.75053405761719,108.99578857421875,42.462589263916016,52.344139099121094,149.54783630371094,129.09304809570312,81.25604248046875,40.91710662841797,42.18783187866211,135.83767700195312,112.6925048828125
2025-08-22,45.6367301940918,110.5652084350586,43.32776641845703,53.20826721191406,151.98934936523438,130.8431396484375,81.25604248046875,41.565025329589844,42.41459655761719,136.957763671875,116.11468505859375
2025-08-25,45.384239196777344,110.74400329589844,43.440834045410156,52.90035629272461,150.47085571289062,130.5489501953125,79.8667984008789,41.35887145996094,41.93642044067383,135.0050506591797,115.88056182861328
2025-08-26,45.50801086425781,110.25728607177734,43.372013092041016,53.307586669921875,152.01913452148438,131.1472625732422,79.34459686279297,41.241065979003906,42.03008270263672,135.8476104736328,116.41355895996094
2025-08-27,45.62187957763672,110.44600677490234,43.858673095703125,53.416847229003906,151.999267578125,131.8553009033203,79.58106994628906,41.41777038574219,42.03994369506836,135.768310546875,116.43846130371094
2025-08-28,45.62187957763672,110.86319732666016,44.19294738769531,53.48637390136719,152.26724243164062,132.89736938476562,79.07858276367188,41.30978775024414,41.719512939453125,135.2330322265625,116.6377182006836
2025-08-29,45.68623733520508,110.64466857910156,44.43381881713867,53.625431060791016,150.86782836914062,130.85809326171875,79.5909194946289,41.53557586669922,41.56669616699219,136.22425842285156,115.43721771240234
2025-09-02,45.34463119506836,110.45594024658203,44.49772262573242,53.228126525878906,149.42872619628906,129.53677368164062,79.46283721923828,40.82875442504883,41.42866516113281,136.35311889648438,114.57544708251953
2025-09-03,45.037681579589844,112.30349731445312,43.49981689453125,53.13874053955078,148.6744384765625,130.30963134765625,79.40371704101562,40.720767974853516,41.32514572143555,135.7088165283203,115.0387191772461
2025-09-04,45.210960388183594,113.3166732788086,43.789852142333984,53.6949577331543,150.35174560546875,130.9528350830078,79.4529800415039,40.99563980102539,41.275848388671875,136.22425842285156,117.14083862304688
2025-09-05,45.52781295776367,113.92259216308594,42.9443359375,52.711639404296875,149.7959442138672,131.0625,79.67959594726562,41.407955169677734,41.14767837524414,136.69012451171875,117.11592102050781
2025-09-08,45.567420959472656,114.05171966552734,42.84601974487305,52.751373291015625,150.13340759277344,132.0447540283203,79.3840103149414,41.133079528808594,40.728660583496094,136.6405792236328,117.56922912597656
2025-09-09,44.82479476928711,114.69737243652344,43.052486419677734,52.979820251464844,149.12106323242188,132.29904174804688,79.54165649414062,41.11344909667969,41.00965118408203,137.37408447265625,117.40484619140625
2025-09-10,44.908958435058594,113.85306549072266,43.80459976196289,52.80103302001953,150.22271728515625,134.6973114013672,78.76329040527344,41.09381103515625,41.7145881652832,136.12515258789062,116.00010681152344
2025-09-11,45.84961700439453,115.60128021240234,43.814430236816406,53.665157318115234,151.6519012451172,135.1510467529297,79.40371704101562,41.7613639831543,41.93642044067383,138.4941864013672,118.25664520263672
2025-09-12,45.389190673828125,116.56478881835938,43.553890228271484,53.436710357666016,150.44107055664062,135.06129455566406,79.13768768310547,41.5748405456543,42.14839172363281,136.89830017089844,118.86935424804688
2025-09-15,45.022830963134766,118.2037582397461,43.40642166137695,53.31752014160156,151.1358184814453,136.27789306640625,78.23123931884766,41.5257568359375,42.24698257446289,135.7286376953125,119.90048217773438
2025-09-16,44.88420867919922,117.72695922851562,44.13395690917969,53.198333740234375,150.68919372558594,135.80421447753906,78.5859375,41.28033447265625,41.477962493896484,135.7286376953125,120.63772583007812
2025-09-17,44.98817443847656,118.0348892211914,44.237186431884766,53.714820861816406,150.00437927246094,135.3355255126953,79.05886840820312,41.26070022583008,41.581485748291016,135.99627685546875,120.33386993408203
2025-09-18,44.98817443847656,118.12428283691406,44.099544525146484,53.76448440551758,151.60227966308594,137.67398071289062,78.36917877197266,41.2901496887207,41.61106872558594,136.263916015625,119.79090118408203
2025-09-19,44.9683723449707,118.61101531982422,43.514564514160156,53.88367462158203,151.96949768066406,139.070068359375,78.2115249633789,41.08399200439453,41.877262115478516,136.0854949951172,120.24420166015625
2025-09-22,44.95295333862305,118.19734954833984,43.46449279785156,53.81192398071289,152.47776794433594,141.11595153808594,77.33952331542969,41.219512939453125,42.28322219848633,136.05064392089844,119.85247802734375
2025-09-23,44.80869674682617,118.02790069580078,44.213111877441406,53.572757720947266,152.5176239013672,139.89781188964844,77.7264175415039,41.54594802856445,42.5015869140625,136.3593292236328,118.72471618652344
2025-09-24,44.26152038574219,117.05106353759766,44.7882080078125,53.423282623291016,151.73031616210938,139.0341033935547,77.89506530761719,41.1205940246582,42.804317474365234,135.81166076660156,119.56305694580078
2025-09-25,43.68449783325195,116.65235137939453,45.189788818359375,53.28377151489258,150.70384216308594,138.78948974609375,77.15103149414062,41.02167892456055,42.39240264892578,133.56124877929688,117.87639617919922
2025-09-26,44.19187927246094,117.7886734008789,45.60623550415039,53.67241287231445,152.0592041015625,139.20884704589844,77.33952331542969,41.42724609375,43.08223342895508,134.92543029785156,119.61795043945312
2025-09-29,44.36100769042969,118.16744995117188,44.76837921142578,53.941471099853516,152.527587890625,139.9527130126953,77.48833465576172,41.506378173828125,43.20630645751953,135.32373046875,120.14189910888672
2025-09-30,44.57987976074219,117.98802947998047,44.29243469238281,53.682376861572266,153.70355224609375,140.716552734375,77.74626159667969,41.67454147338867,43.2807502746582,138.57986450195312,119.58301544189453
2025-10-01,44.11228942871094,116.33338165283203,44.29243469238281,53.20404815673828,153.27503967285156,142.09446716308594,77.6272201538086,41.67454147338867,43.697628021240234,142.86163330078125,120.33152770996094
2025-10-02,44.6246452331543,116.07421875,43.84624099731445,53.164188385009766,153.6736602783203,142.86331176757812,77.31968688964844,41.4569206237793,43.618221282958984,142.58282470703125,119.46324920654297
2025-10-03,44.69926071166992,116.01441955566406,44.079254150390625,53.532901763916016,153.88294982910156,142.14439392089844,77.40896606445312,41.625083923339844,44.12443161010742,144.20591735839844,118.69477081298828
2025-10-06,44.65946578979492,116.134033203125,44.297393798828125,53.512969970703125,154.60049438476562,143.58221435546875,76.843505859375,41.20962142944336,44.55122756958008,143.50888061523438,119.71275329589844
2025-10-07,44.48038864135742,115.68547821044922,44.36680221557617,53.582725524902344,153.72349548339844,142.62367248535156,77.55777740478516,41.08102798461914,44.75470733642578,143.618408203125,117.61690521240234
2025-10-08,44.71915817260742,115.20703125,44.10900115966797,53.323631286621094,155.0589141845703,145.1248779296875,77.1708755493164,40.87329864501953,45.06240463256836,143.897216796875,117.96621704101562
2025-10-09,44.10731506347656,114.54915618896484,43.50911331176758,53.13429260253906,152.7667694091797,144.8802490234375,77.41889190673828,40.68535232543945,44.94825744628906,143.57858276367188,117.37738800048828
2025-10-10,43.201988220214844,112.43600463867188,42.249847412109375,51.97833251953125,149.38833618164062,138.98419189453125,77.47840881347656,40.24021911621094,44.76462936401367,141.5074005126953,114.1487808227539
2025-10-13,43.88844680786133,113.47264099121094,42.82494354248047,52.476593017578125,150.94302368164062,142.3690643310547,77.22047424316406,40.46773147583008,45.1070671081543,141.34808349609375,116.69873046875
2025-10-14,44.32618713378906,114.22022247314453,42.81998825073242,53.05457305908203,152.71694946289062,140.54183959960938,78.46052551269531,40.853511810302734,45.50905227661133,141.73641967773438,116.94324493408203
2025-10-15,44.12721252441406,115.0276107788086,42.79520034790039,53.05457305908203,152.07913208007812,141.93470764160156,78.59941864013672,41.44702911376953,46.10459518432617,141.9554901123047,117.11290740966797
2025-10-16,43.79890823364258,113.80158233642578,42.27959442138672,51.5797233581543,151.08255004882812,142.03956604003906,78.05379486083984,41.31843185424805,45.60334777832031,141.71652221679688,115.98014831542969
2025-10-17,43.7143440246582,114.56909942626953,42.62663650512695,51.99826431274414,151.21209716796875,142.2891845703125,79.09544372558594,41.585514068603516,45.44453811645508,142.66249084472656,116.9781723022461
2025-10-20,44.23664855957031,115.86489868164062,43.077789306640625,52.60614013671875,152.99598693847656,143.87677001953125,79.0260009765625,42.020755767822266,45.429649353027344,144.17604064941406,117.90633392333984
2025-10-21,44.06752014160156,116.2735824584961,42.9786376953125,52.546348571777344,154.35134887695312,143.95166015625,78.65894317626953,41.89216232299805,44.968109130859375,144.5146026611328,119.34848022460938
2025-10-22,43.9332160949707,115.26683807373047,43.52894592285156,52.24739456176758,152.34820556640625,142.52880859375,79.10535430908203,42.080108642578125,44.863887786865234,145.34109497070312,118.41532897949219
2025-10-23,44.46049118041992,114.87809753417969,44.10900115966797,52.35700988769531,154.25167846679688,144.32608032226562,78.71846008300781,42.04054260253906,44.82915115356445,145.4207305908203,118.94926452636719
2025-10-24,44.27644348144531,115.17713165283203,43.662803649902344,52.925025939941406,154.38124084472656,146.56768798828125,78.46052551269531,42.18892288208008,45.35520553588867,145.41078186035156,118.594970703125
2025-10-27,44.25654602050781,116.78193664550781,43.76691436767578,53.14426040649414,155.25823974609375,149.27359008789062,78.5895004272461,42.277950286865234,45.479278564453125,145.7493438720703,120.30158996582031
2025-10-28,44.31623458862305,116.20380401611328,43.3108024597168,52.805442810058594,154.1520233154297,150.7513427734375,77.8057861328125,41.338218688964844,44.72989273071289,144.83323669433594,120.33152770996094
2025-10-29,43.44572830200195,115.91474151611328,43.633056640625,51.90857696533203,154.5506591796875,151.83470153808594,75.97051239013672,40.21054458618164,44.715003967285156,143.36947631835938,119.33849334716797
2025-10-30,42.86373519897461,113.95109558105469,43.37525177001953,52.04808807373047,154.16200256347656,149.96754455566406,75.89114379882812,40.43805694580078,44.52641677856445,143.68812561035156,116.64383697509766
2025-10-31,42.61501693725586,114.43951416015625,43.69254684448242,52.187599182128906,154.53073120117188,150.1123046875,75.67289733886719,40.45783996582031,44.218719482421875,143.63833618164062,119.72772216796875
2025-11-03,42.35137939453125,113.22344970703125,43.697505950927734,51.96836853027344,153.8729705810547,150.72637939453125,75.07767486572266,40.38859558105469,44.24353790283203,143.8374786376953,120.85049438476562
2025-11-04,42.142459869384766,112.44596862792969,43.226524353027344,52.2374267578125,152.08909606933594,146.74742126464844,75.38520050048828,40.497406005859375,44.0847282409668,144.4847412109375,118.84447479248047
2025-11-05,42.39117431640625,113.05400085449219,43.34054946899414,52.41679763793945,152.6770782470703,147.32154846191406,75.33560180664062,40.48751449584961,44.09465026855469,145.0423583984375,120.29161071777344
2025-11-06,42.182254791259766,112.03729248046875,43.76195526123047,52.22746276855469,152.06915283203125,144.3610382080078,74.99830627441406,40.289676666259766,43.901100158691406,145.3211669921875,117.51212310791016
2025-11-07,42.689632415771484,111.74822998046875,44.3915901184082,52.59617233276367,152.806640625,143.86178588867188,76.09947204589844,40.82383728027344,44.51152801513672,145.5203094482422,117.6967544555664
2025-11-10,43.092552185058594,112.9144515991211,44.79316711425781,52.78551483154297,153.6736602783203,147.5412139892578,75.82170104980469,40.79416275024414,44.49664306640625,146.65548706054688,119.24369049072266
2025-11-11,43.54024124145508,113.83148193359375,45.37818145751953,53.02467346191406,153.71353149414062,146.2831268310547,76.8137435913086,41.24919128417969,44.521453857421875,150.0410614013672,119.53810119628906
2025-11-12,43.84865188598633,113.17361450195312,44.74359130859375,53.483070373535156,153.86302185058594,146.73744201660156,76.70462036132812,40.92275619506836,44.62567138671875,152.1719970703125,118.73469543457031
2025-11-13,43.56013870239258,111.56880950927734,44.85762023925781,52.795475006103516,151.48117065429688,143.07797241210938,76.70462036132812,40.38859558105469,44.010284423828125,152.0923309326172,115.77056884765625
2025-11-14,43.162193298339844,110.97074890136719,45.62110900878906,52.2673225402832,151.4911346435547,143.85679626464844,76.64509582519531,40.50729751586914,44.04998779296875,151.18618774414062,115.21666717529297
2025-11-17,42.50558090209961,110.82122802734375,44.7882080078125,51.27080535888672,150.0062255859375,141.605224609375,76.15898895263672,40.24021911621094,44.4470100402832,151.05673217773438,114.1338119506836
2025-11-18,42.540401458740234,111.4491958618164,45.145164489746094,51.19108200073242,149.33851623535156,139.3037109375,76.48636627197266,40.38859558105469,44.27827453613281,151.94296264648438,112.02798461914062
2025-11-19,42.649837493896484,110.8311996459961,44.56015396118164,51.38042449951172,149.83680725097656,140.27223205566406,75.90106964111328,40.072052001953125,43.906063079833984,151.68406677246094,112.03297424316406
2025-11-20,42.013126373291016,109.6151351928711,44.054466247558594,50.93199157714844,147.32540893554688,135.86891174316406,76.44668579101562,39.93356704711914,43.682735443115234,150.77792358398438,110.36128997802734
2025-11-21,42.95327377319336,111.53890991210938,44.332096099853516,51.49003601074219,149.1192626953125,136.39312744140625,77.2800064086914,40.45783996582031,43.74725341796875,153.95440673828125,112.52699279785156
2025-11-24,43.03783416748047,112.64532470703125,44.208152770996094,51.70927429199219,149.48800659179688,139.6431884765625,76.38716888427734,40.517189025878906,44.24353790283203,154.6016387939453,114.02901458740234
2025-11-25,43.67952346801758,113.93116760253906,43.93052291870117,52.35700988769531,151.4014434814453,140.0176239013672,77.43872833251953,40.843624114990234,44.074798583984375,158.09677124023438,116.46917724609375
2025-11-26,44.21675109863281,114.09064483642578,44.26268768310547,52.76558303833008,152.2784423828125,141.67510986328125,78.28196716308594,41.02167892456055,44.6604118347168,157.7482452392578,117.2676010131836
2025-11-28,44.47044372558594,115.01764678955078,44.842742919921875,53.14426040649414,153.1654052734375,142.8932647705078,78.7383041381836,41.219512939453125,44.978031158447266,156.98150634765625,117.99616241455078
2025-12-01,44.36100769042969,114.47938537597656,45.27406692504883,52.70579147338867,150.923095703125,142.95816040039062,78.65894317626953,40.64578628540039,43.9259147644043,154.6315155029297,118.06602478027344
2025-12-02,43.95808792114258,114.85816192626953,44.689056396484375,52.65596389770508,152.2385711669922,144.43092346191406,78.14307403564453,40.54686737060547,43.613258361816406,153.70545959472656,117.98617553710938
2025-12-03,44.26649475097656,114.75848388671875,45.526912689208984,53.36349105834961,153.6836395263672,144.77540588378906,78.20260620117188,40.625999450683594,43.47429656982422,154.4224090576172,119.25865936279297
2025-12-04,44.00783157348633,115.41635131835938,45.72026443481445,53.47311019897461,154.48089599609375,145.31459045410156,77.82562255859375,40.556758880615234,43.38496780395508,153.24740600585938,118.8344955444336
2025-12-05,43.86357498168945,116.75202941894531,45.53186798095703,53.493038177490234,154.0523681640625,146.3779754638672,77.8355484008789,40.54686737060547,42.9780158996582,152.61012268066406,119.49319458007812
2025-12-08,43.25670623779297,115.88484191894531,45.036094665527344,53.29373550415039,153.86302185058594,147.4064178466797,77.19071960449219,40.29956817626953,42.4023323059082,150.78787231445312,117.75662994384766
2025-12-09,43.16716766357422,116.01441955566406,45.3137321472168,53.09443283081055,152.7368621826172,147.7958221435547,77.3692855834961,40.062164306640625,42.432106018066406,149.32412719726562,117.74665832519531
2025-12-10,44.0128059387207,116.69222259521484,45.7896728515625,53.702308654785156,155.52731323242188,148.50474548339844,77.59745788574219,40.141300201416016,42.412254333496094,151.494873046875,119.47322845458984
2025-12-11,44.888282775878906,116.43305969238281,45.571533203125,54.67889404296875,157.19161987304688,147.7458953857422,78.17284393310547,40.358917236328125,42.71995162963867,152.92877197265625,119.94229888916016
2025-12-12,44.91813278198242,116.17390441894531,45.125335693359375,54.75861740112305,156.2050018310547,143.47238159179688,78.78790283203125,40.3094596862793,42.511512756347656,153.40673828125,120.46126556396484
2025-12-15,44.888282775878906,116.19383239746094,44.808040618896484,54.79847717285156,156.4541473388672,142.08448791503906,79.00615692138672,40.46773147583008,42.89861297607422,155.43809509277344,121.4892349243164
2025-12-16,44.76890182495117,116.2735824584961,43.43970489501953,54.4496955871582,155.52731323242188,142.34408569335938,78.64901733398438,40.11162185668945,42.71995162963867,153.4167022705078,121.6888427734375
2025-12-17,44.957923889160156,115.43628692626953,44.40150451660156,54.43973159790039,153.00595092773438,139.17889404296875,79.01607513427734,40.289676666259766,42.44203186035156,153.13787841796875,120.28162384033203
2025-12-18,44.938026428222656,116.09416198730469,43.75699996948242,54.35004425048828,154.00253295898438,141.3256378173828,78.55973815917969,40.04237747192383,42.858909606933594,153.2573699951172,122.0980224609375
2025-12-19,45.137001037597656,116.14399719238281,43.75699996948242,54.64899826049805,155.3280029296875,144.38101196289062,78.15299987792969,39.89400100708008,42.3129997253418,154.2830047607422,121.60899353027344
2025-12-22,45.66999816894531,116.66000366210938,44.209999084472656,55.31999969482422,157.0500030517578,145.16000366210938,77.87999725341797,40.189998626708984,42.470001220703125,155.3000030517578,122.33999633789062
2025-12-23,45.75,117.38999938964844,44.5,55.43000030517578,156.99000549316406,145.9499969482422,77.51000213623047,40.18000030517578,42.619998931884766,154.99000549316406,122.16999816894531
2025-12-24,45.84000015258789,118.08999633789062,44.369998931884766,55.72999954223633,157.5,146.3000030517578,78.12000274658203,40.439998626708984,42.810001373291016,155.8000030517578,122.58999633789062
2025-12-26,46.11000061035156,117.97000122070312,44.20000076293945,55.619998931884766,157.2100067138672,146.52999877929688,78.2300033569336,40.52000045776367,42.779998779296875,156.0500030517578,122.05000305175781
2025-12-29,45.7400016784668,117.88999938964844,44.619998931884766,55.31999969482422,156.8699951171875,145.8699951171875,78.27999877929688,40.630001068115234,42.86000061035156,155.80999755859375,120.8499984741211
2025-12-30,45.72999954223633,118.29000091552734,44.959999084472656,55.18000030517578,156.4199981689453,145.41000366210938,78.1500015258789,40.720001220703125,42.959999084472656,155.67999267578125,120.36000061035156
2025-12-31,45.349998474121094,117.72000122070312,44.709999084472656,54.77000045776367,155.1199951171875,143.97000122070312,77.68000030517578,40.349998474121094,42.689998626708984,154.8000030517578,119.41000366210938
2026-01-02,46.119998931884766,116.9000015258789,45.650001525878906,54.93000030517578,157.97999572753906,144.3000030517578,77.69000244140625,40.380001068115234,43.18000030517578,155.50999450683594,118.3499984741211
2026-01-05,46.58000183105469,117.75,46.88999938964844,56.130001068115234,159.85000610351562,144.6199951171875,77.3499984741211,40.43000030517578,42.70000076293945,155.0399932861328,120.30000305175781
2026-01-06,47.5,117.33000183105469,45.63999938964844,56.400001525878906,162.02000427246094,146.64999389648438,77.47000122070312,40.70000076293945,42.90999984741211,158.08999633789062,121.06999969482422
2026-01-07,46.68000030517578,117.08999633789062,45.130001068115234,55.61000061035156,158.97000122070312,146.52999877929688,76.62000274658203,40.13999938964844,41.869998931884766,159.66000366210938,120.9000015258789
2026-01-08,47.5,117.4800033569336,46.54999923706055,55.900001525878906,160.1699981689453,144.24000549316406,78.44000244140625,40.439998626708984,41.9900016784668,158.1199951171875,122.91999816894531
2026-01-09,48.2599983215332,117.91000366210938,46.66999816894531,55.72999954223633,161.92999267578125,146.14999389648438,79.25,40.5,42.5099983215332,157.30999755859375,124.41000366210938
2026-01-12,48.52000045776367,117.55000305175781,46.34000015258789,55.290000915527344,163.1699981689453,146.7899932861328,80.18000030517578,40.619998931884766,42.58000183105469,157.3800048828125,124.5199966430664
2026-01-13,48.72999954223633,116.88999938964844,47.0,54.22999954223633,164.00999450683594,146.47999572753906,81.11000061035156,40.93000030517578,42.849998474121094,156.74000549316406,124.20999908447266
2026-01-14,48.75,116.63999938964844,48.060001373291016,54.150001525878906,164.27000427246094,144.6999969482422,82.2300033569336,41.38999938964844,43.16999816894531,157.86000061035156,122.25
2026-01-15,48.959999084472656,116.20999908447266,47.61000061035156,54.369998931884766,165.77999877929688,145.4600067138672,82.37000274658203,41.70000076293945,43.61000061035156,156.9600067138672,122.69999694824219
2026-01-16,48.68000030517578,115.16999816894531,47.689998626708984,54.439998626708984,166.89999389648438,145.6199951171875,82.11000061035156,42.209999084472656,43.38999938964844,155.74000549316406,122.30000305175781
2026-01-20,48.189998626708984,113.47000122070312,47.599998474121094,53.20000076293945,163.52999877929688,141.83999633789062,82.36000061035156,41.400001525878906,42.959999084472656,155.39999389648438,119.12000274658203
2026-01-21,49.2400016784668,114.62999725341797,48.75,53.459999084472656,166.36000061035156,143.80999755859375,82.44000244140625,41.54999923706055,43.02000045776367,158.25999450683594,121.4000015258789
2026-01-22,49.52000045776367,116.25,48.90999984741211,53.810001373291016,165.5,144.8800048828125,82.2699966430664,41.13999938964844,42.709999084472656,158.2899932861328,122.62000274658203
2026-01-23,49.970001220703125,116.95999908447266,49.189998626708984,53.06999969482422,164.22000122070312,145.08999633789062,82.91000366210938,41.25,42.560001373291016,157.47999572753906,123.12999725341797
2026-01-26,50.029998779296875,117.7699966430664,49.220001220703125,53.40999984741211,164.3800048828125,146.0800018310547,82.77999877929688,41.220001220703125,42.869998931884766,158.10000610351562,122.31999969482422
2026-01-27,49.97999954223633,116.9000015258789,49.66999816894531,53.0,165.05999755859375,148.0500030517578,83.16000366210938,41.25,43.43000030517578,155.4499969482422,122.69000244140625
2026-01-28,49.95000076293945,116.75,50.04999923706055,52.9900016784668,164.13999938964844,149.22999572753906,82.31999969482422,40.849998474121094,43.33000183105469,154.30999755859375,121.7699966430664
2026-01-29,50.0,119.79000091552734,50.5099983215332,53.54999923706055,165.86000061035156,146.8699951171875,82.12999725341797,41.369998931884766,43.33000183105469,153.82000732421875,121.19000244140625
2026-01-30,49.27000045776367,120.08000183105469,51.04999923706055,53.439998626708984,165.44000244140625,143.8800048828125,83.51000213623047,41.43000030517578,43.25,154.74000549316406,121.16999816894531
2026-02-02,49.650001525878906,119.66999816894531,50.04999923706055,54.029998779296875,167.52999877929688,145.25999450683594,84.5,40.959999084472656,42.619998931884766,155.69000244140625,121.97000122070312
2026-02-03,50.70000076293945,117.73999786376953,51.66999816894531,53.529998779296875,168.94000244140625,142.0800018310547,85.87000274658203,40.810001373291016,43.2400016784668,154.10000610351562,120.98999786376953
2026-02-04,51.88999938964844,116.80000305175781,52.83000183105469,53.959999084472656,169.38999938964844,138.1199951171875,86.98999786376953,41.459999084472656,43.08000183105469,156.02999877929688,120.0999984741211
2026-02-05,50.5,116.20999908447266,52.209999084472656,53.290000915527344,168.3699951171875,135.6300048828125,86.91999816894531,41.22999954223633,43.099998474121094,154.83999633789062,117.51000213623047
2026-02-06,51.5099983215332,115.76000213623047,53.25,54.2599983215332,173.17999267578125,141.1300048828125,87.94000244140625,41.9900016784668,43.349998474121094,157.7100067138672,117.98999786376953
2026-02-09,52.18000030517578,116.87999725341797,53.63999938964844,53.939998626708984,173.6999969482422,143.35000610351562,87.43000030517578,42.25,43.47999954223633,156.32000732421875,117.55000305175781
2026-02-10,52.90999984741211,117.58000183105469,53.58000183105469,53.54999923706055,173.91000366210938,142.5500030517578,87.1500015258789,42.84000015258789,44.20000076293945,155.3300018310547,118.33000183105469
2026-02-11,53.619998931884766,116.73999786376953,54.97999954223633,52.7400016784668,174.83999633789062,142.97000122070312,88.4000015258789,42.79999923706055,44.59000015258789,156.25,117.76000213623047
2026-02-12,52.83000183105469,114.63999938964844,53.97999954223633,51.689998626708984,172.75,139.2100067138672,89.20999908447266,42.869998931884766,45.25,156.0,116.12999725341797
2026-02-13,53.310001373291016,114.58000183105469,54.349998474121094,51.650001525878906,174.1699981689453,139.55999755859375,89.51000213623047,43.5,46.5,157.6699981689453,116.18000030517578
2026-02-17,52.70000076293945,114.4000015258789,53.75,52.20000076293945,175.0800018310547,139.47999572753906,88.19999694824219,43.939998626708984,46.380001068115234,157.3699951171875,116.04000091552734
2026-02-18,53.02000045776367,114.58999633789062,54.779998779296875,52.59000015258789,175.0399932861328,140.91000366210938,88.04000091552734,43.349998474121094,45.61000061035156,157.6699981689453,117.0199966430664
2026-02-19,52.83000183105469,115.13999938964844,55.18000030517578,52.150001525878906,176.33999633789062,140.2100067138672,87.66999816894531,43.20000076293945,46.11000061035156,157.25999450683594,116.23999786376953
2026-02-20,52.959999084472656,116.80000305175781,54.880001068115234,52.4900016784668,177.22999572753906,140.8800048828125,87.88999938964844,43.560001373291016,46.33000183105469,156.82000732421875,117.44999694824219
2026-02-23,52.959999084472656,115.36000061035156,55.150001525878906,50.72999954223633,174.8300018310547,138.52000427246094,88.97000122070312,43.61000061035156,46.68000030517578,158.5399932861328,114.98999786376953
2026-02-24,53.36000061035156,116.16000366210938,55.099998474121094,50.97999954223633,176.97999572753906,140.32000732421875,89.73999786376953,43.72999954223633,47.20000076293945,157.8699951171875,116.73999786376953
2026-02-25,53.060001373291016,116.5,54.869998931884766,51.869998931884766,175.60000610351562,143.00999450683594,89.01000213623047,43.439998626708984,47.36000061035156,157.8300018310547,117.08999633789062
2026-02-26,53.0,116.72000122070312,55.04999923706055,52.5,176.6999969482422,141.00999450683594,88.86000061035156,43.630001068115234,47.18000030517578,157.4199981689453,117.05000305175781
2026-02-27,53.40999984741211,118.05000305175781,55.91999816894531,51.43000030517578,177.13999938964844,138.75999450683594,90.01000213623047,43.84000015258789,47.72999954223633,160.1999969482422,116.86000061035156
2026-03-02,53.25,117.87000274658203,57.040000915527344,51.29999923706055,178.89999389648438,139.5399932861328,88.70999908447266,43.91999816894531,47.369998931884766,158.52999877929688,115.41999816894531
2026-03-03,51.939998626708984,117.95999908447266,56.52000045776367,51.209999084472656,175.44000244140625,137.5,87.73999786376953,43.70000076293945,47.06999969482422,156.74000549316406,114.36000061035156
2026-03-04,51.91999816894531,118.79000091552734,56.189998626708984,51.5,175.97000122070312,139.83999633789062,87.16000366210938,43.7599983215332,47.27000045776367,157.0500030517578,116.38999938964844
2026-03-05,50.83000183105469,118.44000244140625,56.47999954223633,51.22999954223633,172.05999755859375,140.17999267578125,85.41000366210938,43.34000015258789,46.900001525878906,153.91000366210938,116.55000305175781
2026-03-06,49.86000061035156,117.45999908447266,56.56999969482422,50.56999969482422,169.94000244140625,137.2899932861328,85.77999877929688,42.88999938964844,46.7400016784668,152.6999969482422,114.44000244140625
2026-03-09,49.9900016784668,117.55999755859375,56.31999969482422,50.33000183105469,170.94000244140625,139.75999450683594,85.97000122070312,42.97999954223633,46.849998474121094,154.25999450683594,114.58999633789062
2026-03-10,49.880001068115234,117.37999725341797,55.599998474121094,50.060001373291016,170.02000427246094,139.75999450683594,85.72000122070312,42.91999816894531,46.560001373291016,153.14999389648438,114.44000244140625
2026-03-11,49.84000015258789,117.0,56.97999954223633,49.63999938964844,169.49000549316406,140.42999267578125,84.58999633789062,42.40999984741211,46.16999816894531,152.85000610351562,114.13999938964844
2026-03-12,49.68000030517578,115.2699966430664,57.5099983215332,48.83000183105469,165.24000549316406,137.83999633789062,84.25,42.13999938964844,46.5,150.16000366210938,111.5199966430664
2026-03-13,49.189998626708984,114.44999694824219,57.70000076293945,48.88999938964844,164.64999389648438,136.8000030517578,84.73999786376953,42.25,46.959999084472656,149.7899932861328,110.86000061035156
2026-03-16,49.400001525878906,115.33000183105469,57.900001525878906,49.29999923706055,166.05999755859375,138.77999877929688,84.9800033569336,42.58000183105469,47.2599983215332,151.00999450683594,112.19999694824219
2026-03-17,49.52000045776367,115.37000274658203,58.5099983215332,49.560001373291016,166.5,139.5399932861328,84.69999694824219,42.720001220703125,47.130001068115234,149.63999938964844,113.18000030517578
